{
  "specification": {
    "radius": 100.0,
    "wall_thickness": 0.00010618033988749894,
    "velocity": 0.1,
    "total_energy": 0.31599937178170123,
    "energy_density": 0.00011722964313689156,
    "power_requirement": 947342.2839289205,
    "electric_field_strength": 775.7700626825526,
    "magnetic_field_strength": 2.5876903904051938e-06,
    "field_configuration": "capacitor_array",
    "exotic_matter_mass": 36605963493854.35,
    "matter_density": 2743455164515.9644,
    "casimir_plates": 89168534420837472,
    "plate_separation": 5.309016994374947e-06,
    "casimir_force": 145928639702.03238,
    "acceleration_limit": 299792.458,
    "efficiency": 3.6262630270841656e-06,
    "feasibility_score": 0.6666666664080765
  },
  "optimized_specification": {
    "radius": 1000.0,
    "wall_thickness": 0.0010618033988749895,
    "velocity": 0.01,
    "total_energy": 0.3128706651303971,
    "energy_density": 1.172296431368915e-07,
    "power_requirement": 93796.26573553662,
    "electric_field_strength": 2.441025571990956,
    "magnetic_field_strength": 8.142384862767148e-09,
    "field_configuration": "capacitor_array",
    "exotic_matter_mass": 366059634938543.4,
    "matter_density": 27434551645.15963,
    "casimir_plates": 89168534420837424,
    "plate_separation": 5.309016994374948e-05,
    "casimir_force": 14592863.97020322,
    "acceleration_limit": 2997.92458,
    "efficiency": 3.626263027084166e-06,
    "feasibility_score": 0.6666666666658528
  },
  "lab_configuration": {
    "casimir_cavity_dimensions": [
      2.0000000000000003e-06,
      1.0618033988749897e-11,
      1.0618033988749897e-11
    ],
    "casimir_plate_material": "aluminum",
    "casimir_plate_count": 10,
    "superconducting_coil_specs": {
      "radius": 1.0000000000000002e-06,
      "current": 2.0489990742433973e-15,
      "inductance": 1.9739208799572496e-08,
      "turns": 100,
      "wire_gauge": 12
    },
    "capacitor_bank_energy": 8.397362349375553e-42,
    "pulse_duration": 1e-09,
    "metamaterial_type": "none",
    "metamaterial_volume": 0.0,
    "containment_field_strength": 2.5748481752021728e-12,
    "emergency_shutdown_time": 1e-06,
    "radiation_shielding_thickness": 0.1
  },
  "blueprint": {
    "project_overview": {
      "title": "First-Principles Warp Drive Engineering Blueprint",
      "velocity_target": "1.0%c",
      "bubble_radius": "1000.0 m",
      "energy_requirement": "3.13e-01 J",
      "feasibility_score": "0.667",
      "based_on": "LQG first-principles cosmological constant prediction"
    },
    "structural_specifications": {
      "bubble_geometry": {
        "outer_radius": 1000.0,
        "wall_thickness": 0.0010618033988749895,
        "material": "superconducting_metamaterial_composite",
        "structural_strength": "3.13e-07 Pa"
      },
      "support_framework": {
        "material": "carbon_nanotube_reinforced_titanium",
        "framework_mass": 3660596349385434.0,
        "safety_factor": 3.0
      }
    },
    "field_generation_systems": {
      "primary_field_array": {
        "type": "capacitor_array",
        "electric_field_strength": "2.44e+00 V/m",
        "magnetic_field_strength": "8.14e-09 T",
        "power_requirement": "9.38e+04 W"
      },
      "casimir_array": {
        "total_plates": 89168534420837424,
        "plate_separation": "5.31e-05 m",
        "plate_material": "aluminum",
        "total_force": "1.46e+07 N"
      }
    },
    "exotic_matter_systems": {
      "total_requirement": "3.66e+14 kg",
      "density_requirement": "2.74e+10 kg/m\u00b3",
      "generation_method": "casimir_array_enhancement",
      "containment_field": "2.57e-12 T"
    },
    "control_systems": {
      "field_control": {
        "response_time": "1.00e-09 s",
        "stability_requirement": "\u00b10.01% field variation",
        "feedback_system": "quantum_field_sensors"
      },
      "navigation_system": {
        "acceleration_limit": "3.00e+03 m/s\u00b2",
        "directional_control": "3-axis_field_modulation",
        "position_accuracy": "\u00b11 m at 1000 km"
      }
    },
    "safety_systems": {
      "emergency_shutdown": {
        "shutdown_time": "1.00e-06 s",
        "failsafe_mechanism": "superconductor_quench",
        "containment_protocol": "magnetic_bottle_confinement"
      },
      "radiation_protection": {
        "shielding_thickness": "0.1 m",
        "shielding_material": "lead_tungsten_composite",
        "monitoring_system": "continuous_dosimetry"
      }
    },
    "manufacturing_specifications": {
      "precision_requirements": {
        "dimensional_tolerance": "\u00b11 \u03bcm",
        "surface_finish": "optical_quality",
        "assembly_environment": "class_1_cleanroom"
      },
      "quality_control": {
        "field_uniformity": "\u00b10.1%",
        "material_purity": "99.999%",
        "testing_protocol": "full_scale_prototype_validation"
      }
    },
    "performance_predictions": {
      "efficiency": "0.0%",
      "energy_cost_per_trip": "3.13e-01 J",
      "maximum_range": "1.08e+10 m/hour",
      "operational_lifetime": "TBD_based_on_component_testing"
    }
  }
}